{"_step":25000,"_wandb":{"runtime":12491},"train/loss":0.005487547721713781,"train/lr":2.5050936069168533e-06,"train/grad_norm":0.09698100183159113,"train/samples":1600000,"_runtime":12491.662867637,"train/dataloading_s":0.017415283364243805,"train/steps":25000,"train/episodes":4805.67069141587,"_timestamp":1.7656589973267405e+09,"train/epochs":48.05670691415871,"train/update_s":0.47504098458215593}