{"_wandb":{"runtime":10069},"train/lr":2.5079586201270073e-06,"train/dataloading_s":0.05055640590842813,"train/epochs":67.5818373812038,"train/steps":20000,"_step":20000,"train/samples":1280000,"train/loss":0.002708939602598548,"train/episodes":4054.9102428722276,"_timestamp":1.7656427899441419e+09,"train/update_s":0.4629614061722532,"train/grad_norm":0.09636594403535127,"_runtime":10069.565684123}