{"train/grad_norm":3.9030089914798736,"_runtime":2828.458039718,"train/samples":640000,"_timestamp":1.7656643936024456e+09,"train/l1_loss":0.05780726671218872,"train/lr":4.999999999999983e-05,"train/kld_loss":0.0003329981118440628,"_step":10000,"train/steps":10000,"train/update_s":0.24287638294044883,"train/loss":0.060656028129160405,"_wandb":{"runtime":2828},"train/episodes":3363.434492968172,"train/epochs":47.372316802368616,"train/dataloading_s":0.03334478446748108}