{"_runtime":1142.614757794,"train/epochs":12.812812812812814,"train/loss":0.052969082966446875,"_step":4000,"train/episodes":1294.094094094094,"train/grad_norm":2.636020460128784,"train/lr":4.999999999999983e-05,"train/dataloading_s":0.009357677069492637,"_wandb":{"runtime":1142},"train/update_s":0.24456467183539643,"train/l1_loss":0.04749086871743202,"train/samples":256000,"train/kld_loss":8.395407348871231e-05,"train/steps":4000,"_timestamp":1.765703411530813e+09}