{"train/steps":10000,"_timestamp":1.7656600903106072e+09,"train/epochs":47.372316802368616,"train/grad_norm":0.08976932970806956,"train/update_s":0.4748902797861956,"train/loss":0.004240876529365778,"_step":10000,"train/samples":640000,"_wandb":{"runtime":5238},"train/lr":2.531829791523847e-06,"train/dataloading_s":0.050019194425549356,"_runtime":5238.305919128,"train/episodes":3363.434492968172}