{"train/lr":2.5000000000000053e-06,"train/samples":2560000,"train/steps":80000,"_step":80000,"_wandb":{"runtime":18867},"train/grad_norm":0.1476490554586053,"_timestamp":1.765695014947593e+09,"train/dataloading_s":0.009639160915085085,"train/epochs":52.89584065128004,"train/loss":0.01329876109957695,"_runtime":18867.197564969,"train/episodes":8198.855300948406,"train/update_s":0.22439856645489273}