{"train/episodes":1256.771397616468,"train/loss":0.008701764047145844,"train/lr":2.522105348452313e-06,"train/update_s":0.226956932451576,"_wandb":{"runtime":2932},"_runtime":2932.58095357,"_timestamp":1.7657074797501733e+09,"train/samples":384000,"train/grad_norm":0.12186292853206396,"train/dataloading_s":0.008909165035001934,"train/steps":12000,"_step":12000,"train/epochs":8.66738894907909}