{"_runtime":18300.530984817,"train/update_s":0.2113384861825034,"train/episodes":7689.073106265393,"train/epochs":76.89073106265393,"_wandb":{"runtime":18300},"train/loss":0.007185864727944136,"_step":80000,"train/grad_norm":0.1322677543759346,"train/steps":80000,"_timestamp":1.7656935394823563e+09,"train/lr":2.5000000000000053e-06,"train/samples":2560000,"train/dataloading_s":0.010404415177181364}