{"_runtime":2930.25042878,"train/steps":12000,"_step":12000,"train/samples":384000,"_timestamp":1.7657137032276382e+09,"train/update_s":0.22887197193456812,"train/episodes":1256.771397616468,"train/epochs":8.66738894907909,"train/grad_norm":0.11269849663600326,"train/loss":0.0072651817463338375,"train/lr":2.522105348452313e-06,"train/dataloading_s":0.009216510825790464,"_wandb":{"runtime":2930}}