{"_timestamp":1.7657151988125298e+09,"train/epochs":29.765134485698784,"_wandb":{"runtime":5464},"_runtime":5464.451180919,"_step":24000,"train/episodes":3750.4069451980467,"train/grad_norm":0.1618923920020461,"train/update_s":0.20626293705310672,"train/dataloading_s":0.008970635370351374,"train/loss":0.011821308173239231,"train/lr":2.5055269024525464e-06,"train/samples":768000,"train/steps":24000}