{"_step":20000,"train/steps":20000,"train/epochs":94.74463360473723,"train/lr":2.5079586201270073e-06,"_timestamp":1.7656453051687124e+09,"train/samples":1280000,"train/dataloading_s":0.05103910109726712,"train/loss":0.008449430577456951,"train/update_s":0.4742433842364699,"_runtime":10322.756512726,"train/grad_norm":0.10735328331589698,"_wandb":{"runtime":10322},"train/episodes":6726.868985936344}