{"train/l1_loss":0.06670485436916351,"train/kld_loss":0.0008267085067927837,"train/update_s":0.24007837087847292,"train/episodes":1003.0832476875643,"train/lr":4.999999999999983e-05,"train/loss":0.0799184999614954,"train/samples":320000,"_runtime":1858.596508517,"_timestamp":1.7655770972276387e+09,"_step":5000,"train/grad_norm":6.107998833656311,"train/steps":5000,"_wandb":{"runtime":1858},"train/epochs":16.44398766700925,"train/dataloading_s":0.03306363493204117}