{"_step":10000,"train/samples":640000,"train/grad_norm":3.5992495357990264,"train/l1_loss":0.050056200474500656,"train/lr":4.999999999999983e-05,"train/kld_loss":0.00015100091695785522,"train/episodes":3235.235235235235,"train/dataloading_s":0.009339814181439579,"_runtime":2922.047854554,"train/steps":10000,"_wandb":{"runtime":2922},"train/loss":0.061892082057893275,"train/update_s":0.24419001119211317,"train/epochs":32.032032032032035,"_timestamp":1.7656779240323021e+09}